url_code,lure_maker_name_en,scraping_source_id,category_name_ja,lure_name_ja,lure_name_en,attached_hook_size_1,attached_hook_size_2,attached_hook_size_3,attached_hook_size_4,attached_hook_size_5,attached_ring_size,lure_buoyancy,lure_action,lure_length,lure_weight,lure_range_min,lure_range_max,lure_information,is_available
,ima,https://www.ima-ams.co.jp/product/products/detail/62,フローティングミノー,アイボーン 98F シャロー,iBORN 98F shallow,#4,#4,,,,#3,Floating,ワイドウォブンロール,98,13,0,20,2025年9月10日新型モデル発売シャロー攻略特化のために生み出されたiBORNシリーズ、そのオリジナルモデルがMRDシステム搭載で2025年にリニューアル。優れたシャロー性能とキャスタビリティはそのままに、対応速度域はスローからファーストと幅を広げ、立ち上がりも抜群に。スーパーシャローでのパイロットルアーとして、さらに活躍をみせてくれること間違いなしの1本です。関連動画をCHECK!●SUMMER RIVER DAY GAME WITH SHORT ROD IN OMONOGAWA●CHECK THE NEW ONE SHALLOW GAME IN FUTTSU,TRUE
,ima,https://www.ima-ams.co.jp/product/products/detail/61,フローティングミノー,アイボーン 118F シャロー,iBORN 118F shallow,#3,#3,,,,#3,Floating,ウォブンロール,118,19,5,30,遠投性に優れ、高いシャロー性能をコンセプトに開発されたのがiBORNシリーズ。iBORN 118F shallowは丁寧にシャローを攻めることができるレンジ性能と120mmクラスでは最大クラスの飛距離を叩き出せるルアーに。サイズ感からもいろいろなエリアで活躍すること間違いなしです。,TRUE
,ima,https://www.ima-ams.co.jp/product/products/detail/101,トップウォーター,アイマポッキー,ima popkey,#4,#4,#4,,,#3,Floating,ドッグウォーク&ウェイク,120,16,0,0,シーバス専用のペンシルとしてこれまで数々の実績を上げてきたロングセラーモデル。ただ巻きウェイクアクション、ロッドを操作してのドッグウォークやダイブなど、多彩な使い方ができるのがこのルアーの魅力です。オリジナルサイズの120mmは、オープンエリアでシーバスを誘い出すことや、ヒラスズキや落ち鮎ゲームでのドリフトでも高い実績があります。,TRUE
,ima,https://www.ima-ams.co.jp/product/products/detail/376,トップウォーター,アイマポッキー 65 ラトル,imapopkey 65 RATTLE,#10,#10,,,,#3,Floating,ドッグウォーク&ウェイク,65,8,0,0,imapopkeyシリーズ最小サイズの65mm。水受け部分にシリーズ初のレードル形状を採用したことにより、ドッグウォークやバブル&スプラッシュ、ただ巻きでのウェイクアクションが、さらに誰でも簡単にできるようになりました。また内部にラトルボールを搭載したことでアクション、バブル&スプラッシュ、サウンドといった3種のアピールで魚を引き寄せます。,TRUE
,ima,https://www.ima-ams.co.jp/product/products/detail/103,トップウォーター,アイマポッキー 80,imapopkey 80,#6,#6,,,,#3,Floating,ドッグウォーク&ウェイク,80,9,0,0,内湾や汽水域の小型ベイトに対応したのがimapopkey 80。120mmサイズで見せた多彩なアクションをそのまま受け継ぎ、アングラーの意思をスイムで表現しました。トップチヌゲームでの実績も非常に高く、スプラッシュをあげたハイアピールアクションでターゲットを魅了します。,TRUE
,ima,https://www.ima-ams.co.jp/product/products/detail/102,トップウォーター,アイマポッキー 100,imapopkey 100,#4,#4,,,,#3,Floating,ドッグウォーク&ウェイク,100,12,0,0,オリジナルの120mmと弟分の80mmの多彩なアクションや操作性を継承した中間サイズのimapopkey 100。オールシーズン、フィールドを選ばず扱いやすいサイズ感で、どこに行くときもルアーケースの中に忍ばせておきたい万能型トップペンシルです。ローテーションの中にランダムで組み込むのもおもしろい使い方です。,TRUE
,ima,https://www.ima-ams.co.jp/product/products/detail/410,トップウォーター,アイマポッキー 210,imapopkey 210,#2/0,#2/0,#2/0,,,#6,Floating,ドッグウォーク&ウェイク,210,110,0,0,200mmを超えるトッププラグで魚を誘い続けるのはひと苦労。imapopkey 210なら巻くだけでアピールできるので1日中使っても疲れません。ただ巻きでウェイク、デジ巻きでドッグウォーク。かわいいボディはラトル入り。魚のレンジが深いシビアな状況でも、その存在感で水面まで誘いだします。ビッグベイトゲームをもっと楽しむ、そんな1本です。,TRUE
,ima,https://www.ima-ams.co.jp/product/products/detail/506,シンキングシャッド,アタル 70S,ataru 70S,#5,#5,,,,#3,Sinking,ウォブリング,70,11,50,180,基本性能を極限まで高めた伝統的な王道シンキングシャッドataru 70S。まるでバイブレーションのようなタイトでピッチの早いウォブンロールはスローからファストまでバランスを保って機能します。ロングリップとは思えない飛行安定性で、汎用性も高く、ストラクチャーゲームからオープンエリアのミドルレンジサーチまで昼夜、魚種を問わず活躍してくれます。,TRUE
,ima,https://www.ima-ams.co.jp/product/products/detail/130,ブレードベイト,アデリー 4g,adelie 4g,#16,,,,,#1,Sinking,ブレードスピン,13,4,,,日中のライトゲームに特化した新発想のブレードルアー「adelie」。そのペンギンのような愛くるしい見た目とは裏腹に、緻密に設計された絶妙なバランスで、バイトしてきた魚を確実にフッキングへ繋げます。多彩な魚種を広範囲に誘い出せる万能ブレードルアーの誕生です。,TRUE
,ima,https://www.ima-ams.co.jp/product/products/detail/131,ブレードベイト,アデリー 8g,adelie 8g,#12,,,,,#1,Sinking,ブレードスピン,18,8,,,日中のライトゲームに特化した新発想のブレードルアー「adelie」。そのペンギンのような愛くるしい見た目とは裏腹に、緻密に設計された絶妙なバランスで、バイトしてきた魚を確実にフッキングへ。多彩な魚種を広範囲に誘い出せる万能ブレードルアーの誕生です。,TRUE
,ima,https://www.ima-ams.co.jp/product/products/detail/93,シンキングペンシル,アルデンテ 70S,Aldente 70S,#12,#12,,,,#2,Sinking,ゆらぎロールアクション,70,4,0,1,港湾部のバチパターン攻略に欠かす事のできなくなったAldente 95Sのダウンサイジングモデル。ただのダウンサイジングモデルではなく、中近距離戦に強く、足元までしっかり泳いでくれることで、バイトチャンスを逃しません。バチパターンにはもちろんのこと、マイクロベイトパターンにも有効で、春の港湾部最強ルアーです！,TRUE
,ima,https://www.ima-ams.co.jp/product/products/detail/92,シンキングペンシル,アルデンテ 95S,Aldente 95S,#10,#10,,,,#2,Sinking,ゆらぎロールアクション,95,7.1,0,1,港湾バチパターン攻略の決定版、Aldente 95S。着水直後のリトリーブで急浮上し、サーフェイスレンジをキープします。揺れるような揺らぎアクションと僅かなV字引き波を発生させ、表層を意識しているシーバスに猛アピール！後方固定重心だから、飛距離性能も間違いなし！,TRUE
,ima,https://www.ima-ams.co.jp/product/products/detail/78,シンキングミノー,イッセン 45S,issen 45S,#10,#10,,,,#1,Sinking,ひら打ちアクション,45,3.7,,,飛距離、スイムにもこだわり、テクニカルな渓流プラグゲームにおいて絶妙なバランスで最上の使用感を求めたissenシリーズ。複雑な速い流れから飛び出すことなく、ロッドアクションにレスポンスよく反応してトラウトの本能に訴える「ヒラ打ち」を得意とするミノーです。バラし軽減のフックセッティングissen 45S、大型狙いにはissen 45S MAXを。,TRUE
,ima,https://www.ima-ams.co.jp/product/products/detail/79,シンキングミノー,イッセン 45S MAX,issen 45S MAX,#14,#14,,,,#1,Sinking,ひら打ちアクション,45,4,,,その基本性能の高さゆえにissenは我々の想定以上の大物を呼び込んでしまうことが多々あります。そんな時、オリジナルの前後ローリングスイベル仕様では心許ないと感じることがあります。issen 45S MAXはそんな不意の大物にも動じない、エイトカン＋前後トリプルフックの完全大物仕様なのです。,TRUE
,ima,https://www.ima-ams.co.jp/product/products/detail/112,トップウォーター,エアコブラ 60,AIRACOBRA 60,#10,#10,,,,#2,Floating,スプラッシュ,60,7,0,0,クロダイ専用のポッパー。カップ形状にこだわり、音、泡、飛沫の猛烈なアピール力で広範囲に散らばったクロダイを引きよせます。特に有効なのは水面が波立ちアピールを強めたい時。小刻みなアクションを加えれば深場に潜むターゲットにもアピール可能。クロダイ以外にもメッキや小型回遊魚、シーバスといった多様な魚種に力を発揮してくれます。,TRUE
,ima,https://www.ima-ams.co.jp/product/products/detail/367,トップウォーター,エアコブラ 160,AIRACOBRA 160,#1/0,#1/0,,,,#6,Floating,ドッグウォーク/スプラッシュ,160,65,0,0,クロダイ用として大人気の「AIRACOBRA」を大型ベイト用に開発したラトル入りの160mmモデル。ドッグウォーク、スプラッシュ、ラトルの3種のアピールはボイル打ちはもちろん、レンジが下がったシーバスを誘い出します。デカラコブラで、ひと味違うビッグベイトゲームを。,TRUE
,ima,https://www.ima-ams.co.jp/product/products/detail/129,スピンテールジグ,SW 230V ガウル,SW 230V gaur,#10,#12,,,,#2,Sinking,テイルスピン,100,23,,,特徴的なV字スリットが入ったVブレードはレスポンスの向上と引き重りを大幅に軽減し、超低速でも滑らかな回転を見せシーバスを誘います。。そして、ボディ後方に取り付けられたパドルフィンはフックの絡みを軽減し水平姿勢の安定に貢献し、河川や港湾部の岸壁やピン打ちといった、これまでテイルスピンが苦手としていたポイントの攻略を容易しました。,TRUE
,ima,https://www.ima-ams.co.jp/product/products/detail/128,スピンテールジグ,SW 320V ガウル,SW 320V gaur,#10,#10,,,,#2,Sinking,テイルスピン,105,32,,,より遠くへ、より深く。SW230V gaurのウエイトアップモデル。テイルスピンの中では重量級の部類に入るモデルですが、一度投げれば軽快な使用感にその重量を忘れるほどです。沖堤や港湾部といったディープエリアでも、快適な使用感を約束してくれます。スロースピードでもしっかり回りフラッシングを放つブレードはシーバスのバイトを誘発します。,TRUE
,ima,https://www.ima-ams.co.jp/product/products/detail/125,メタルバイブレーション,エスパーダ 110,ESPADA 110,#8,#8,#8,,,#3,Sinking,バイブレーション,110,33,,,大型のベイトを補食している時や、ディープエリアで活躍してくれる3フック鉄板バイブ。最大の特徴は他をよせつけない圧倒的な飛距離。また誰が投げてもバランスを崩さず気持ちよく飛んでくれる飛行姿勢も強み。3つの位置のアイは狙うレンジや流速・シーバスの反応など、状況にあわせて使い分ける。,TRUE
,ima,https://www.ima-ams.co.jp/product/products/detail/65,リップレスミノー,エンパシー 90,Empathy 90,#5,#5,,,,#3,Sinking,可変アクション,90,17,20,60,シーバスゲームにおける基本動作である「巻く」ということに特化させたEmpathy 90。その特徴的なカップで水流を受け、タダ巻きでロール・S字・ウォブリング・千鳥とアクションを変えるマジシャンのようなルアー。多種多様な泳ぎをみせ、シーバスを魅了します。,TRUE
,ima,https://www.ima-ams.co.jp/product/products/detail/362,リップレスミノー,エンパシー 120,Empathy 120,#2,#2,,,,#4,Sinking,可変アクション,120,31,20,80,Empathy 90のサイズアップモデル。巻くだけで4種類の複合的なイレギュラーアクションを発生させるEmpathyシリーズの特徴はそのままに、イナッコやコノシロなど中型〜大型ベイトパターンにマッチします。やや深めのレンジを引けることからシャローエリアの中層〜ボトム攻略や、磯でも使いやすい設計に。また、幅広い巻き速度に対応し、昼夜問わずオールラウンドに使えるルアーです！,TRUE
,ima,https://www.ima-ams.co.jp/product/products/detail/134,メタルジグ,GUN吉 5g,GUNKICHI 5g,6号,,,,,,Sinking,スライドフォール,41,5,,,フォール中のランダムなスライドアクションでバーチカルジギングゲームを攻略。安定した飛距離も魅力で、もちろん青物やフラットフィッシュ狙いのキャスティングゲームにも。あらゆる状況で活躍できる万能ジグです。,TRUE
,ima,https://www.ima-ams.co.jp/product/products/detail/135,メタルジグ,GUN吉 7g,GUNKICHI 7g,7号,,,,,,Sinking,スライドフォール,45,7,,,フォール中のランダムなスライドアクションでバーチカルジギングゲームを攻略。安定した飛距離も魅力で、もちろん青物やフラットフィッシュ狙いのキャスティングゲームにも。あらゆる状況で活躍できる万能ジグです。,TRUE
,ima,https://www.ima-ams.co.jp/product/products/detail/136,メタルジグ,GUN吉 12g,GUNKICHI 12g,8号,,,,,,Sinking,スライドフォール,55,12,,,フォール中のランダムなスライドアクションでバーチカルジギングゲームを攻略。安定した飛距離も魅力で、もちろん青物やフラットフィッシュ狙いのキャスティングゲームにも。あらゆる状況で活躍できる万能ジグです。,TRUE
,ima,https://www.ima-ams.co.jp/product/products/detail/137,メタルジグ,GUN吉 20g,GUNKICHI 20g,12号,,,,,,Sinking,スライドフォール,73,20,,,フォール中のランダムなスライドアクションでバーチカルジギングゲームを攻略。安定した飛距離も魅力で、もちろん青物やフラットフィッシュ狙いのキャスティングゲームにも。あらゆる状況で活躍できる万能ジグです。,TRUE
,ima,https://www.ima-ams.co.jp/product/products/detail/138,メタルジグ,GUN吉 30g,GUNKICHI 30g,13号,,,,,,Sinking,スライドフォール,80,30,,,フォール中のランダムなスライドアクションでバーチカルジギングゲームを攻略。安定した飛距離も魅力で、もちろん青物やフラットフィッシュ狙いのキャスティングゲームにも。あらゆる状況で活躍できる万能ジグです。,TRUE
,ima,https://www.ima-ams.co.jp/product/products/detail/139,メタルジグ,GUN吉 40g,GUNKICHI 40g,13号,,,,,,Sinking,スライドフォール,85,40,,,フォール中のランダムなスライドアクションでバーチカルジギングゲームを攻略。安定した飛距離も魅力で、もちろん青物やフラットフィッシュ狙いのキャスティングゲームにも。あらゆる状況で活躍できる万能ジグです。,TRUE
,ima,https://www.ima-ams.co.jp/product/products/detail/140,メタルジグ,GUN吉 50g,GUNKICHI 50g,13号,,,,,,Sinking,スライドフォール,90,50,,,フォール中のランダムなスライドアクションでバーチカルジギングゲームを攻略。安定した飛距離も魅力で、もちろん青物やフラットフィッシュ狙いのキャスティングゲームにも。あらゆる状況で活躍できる万能ジグです。,TRUE
,ima,https://www.ima-ams.co.jp/product/products/detail/363,メタルジグ,GUN助 20g,GUNKICHI 20g,12号,,,,,,Sinking,スライド/ローリングフォール,68,20,,,スリムロングなシルエットから繰り出す絶大な飛距離、ジグザグフォールやローリングフォールを主体とした早い沈下速度、シャクった時に繰り出す反応のよいワイドなアクションが魅力のメタルジグです。ワンピッチジャークやハイピッチジャーク等の積極的にシャクる釣りで使いやすく設計しているため、青物やシーバス狙いには特に効果絶大。,TRUE
,ima,https://www.ima-ams.co.jp/product/products/detail/226,メタルジグ,GUN助 30g,GUNKICHI 30g,13号,,,,,,Sinking,スライド/ローリングフォール,87.5,30,,,スリムロングなシルエットから繰り出す絶大な飛距離、ジグザグフォールやローリングフォールを主体とした早い沈下速度、シャクった時に繰り出す反応のよいワイドなアクションが魅力のメタルジグです。ワンピッチジャークやハイピッチジャーク等の積極的にシャクる釣りで使いやすく設計しているため、青物やシーバス狙いには特に効果絶大。,TRUE
,ima,https://www.ima-ams.co.jp/product/products/detail/227,メタルジグ,GUN助 40g,GUNSUKE 40g,13号,,,,,,Sinking,スライド/ローリングフォール,95,40,,,スリムロングなシルエットから繰り出す絶大な飛距離、ジグザグフォールやローリングフォールを主体とした早い沈下速度、シャクった時に繰り出す反応のよいワイドなアクションが魅力のメタルジグです。ワンピッチジャークやハイピッチジャーク等の積極的にシャクる釣りで使いやすく設計しているため、青物やシーバス狙いには特に効果絶大。,TRUE
,ima,https://www.ima-ams.co.jp/product/products/detail/228,メタルジグ,GUN助 50g,GUNSUKE 50g,13号,,,,,,Sinking,スライド/ローリングフォール,103,50,,,スリムロングなシルエットから繰り出す絶大な飛距離、ジグザグフォールやローリングフォールを主体とした早い沈下速度、シャクった時に繰り出す反応のよいワイドなアクションが魅力のメタルジグです。ワンピッチジャークやハイピッチジャーク等の積極的にシャクる釣りで使いやすく設計しているため、青物やシーバス狙いには特に効果絶大。,TRUE
,ima,https://www.ima-ams.co.jp/product/products/detail/364,メタルジグ,GUN蔵 20g,GUNZO 20g,12号,,,,,,Sinking,このはフォール,48,20,,,ファットなシルエットにより、ひらひらと落ちるゆっくりとした沈下速度と、巻いた時のワイドなアクションが魅力のスロージギング向きメタルジグです。ボトムを取ってからの「リフト＆フォール」やストップ＆ゴー」といったゆっくりとした使い方が適しており、サーフのフラットフィッシュや根回りでのロックフィッシュ狙いで効果てきめんです。,TRUE
,ima,https://www.ima-ams.co.jp/product/products/detail/229,メタルジグ,GUN蔵 30g,GUNZO 30g,13号,,,,,,Sinking,このはフォール,63.5,30,,,ファットなシルエットにより、ひらひらと落ちるゆっくりとした沈下速度と、巻いた時のワイドなアクションが魅力のスロージギング向きメタルジグです。ボトムを取ってからの「リフト＆フォール」やストップ＆ゴー」といったゆっくりとした使い方が適しており、サーフのフラットフィッシュや根回りでのロックフィッシュ狙いで効果てきめんです。,TRUE
,ima,https://www.ima-ams.co.jp/product/products/detail/230,メタルジグ,GUN蔵 40g,GUNZO 40g,13号,,,,,,Sinking,このはフォール,69,40,,,ファットなシルエットにより、ひらひらと落ちるゆっくりとした沈下速度と、巻いた時のワイドなアクションが魅力のスロージギング向きメタルジグです。ボトムを取ってからの「リフト＆フォール」やストップ＆ゴー」といったゆっくりとした使い方が適しており、サーフのフラットフィッシュや根回りでのロックフィッシュ狙いで効果てきめんです。,TRUE
,ima,https://www.ima-ams.co.jp/product/products/detail/231,メタルジグ,GUN蔵 50g,GUNZO 50g,13号,,,,,,Sinking,このはフォール,73,50,,,ファットなシルエットにより、ひらひらと落ちるゆっくりとした沈下速度と、巻いた時のワイドなアクションが魅力のスロージギング向きメタルジグです。ボトムを取ってからの「リフト＆フォール」やストップ＆ゴー」といったゆっくりとした使い方が適しており、サーフのフラットフィッシュや根回りでのロックフィッシュ狙いで効果てきめんです。,TRUE
,ima,https://www.ima-ams.co.jp/product/products/detail/68,フローティングミノー,魚道 110MD,Gyodo 110MD,#6,#6,#6,,,#3,Floating,ウォブンロール,110,19,150,150,元祖ヒラメ専用のミッドダイバーとして新境地を開拓し、数々の実績を叩き出した魚道 110MD。余裕のある浮力構造とリップ形状により、根掛かり回避能力とレンジキープ力に優れています。テール形状の変更によって安定した飛行姿勢を獲得し、サーフをより広く探ることができます。,TRUE
,ima,https://www.ima-ams.co.jp/product/products/detail/67,フローティングミノー,魚道 130MD,Gyodo 130MD,#4,#4,#4,,,#3,Floating,ウォブンロール,130,23,80,150,魚道 110MDとは対照的なローリングが強めのアクションが特徴。遠投性能と高いアピール性を備えているので、広範囲を探る時に使いたいルアーです。そのローリングアクションは、ランカー狙いのボートシーバスゲームや磯ヒラゲームにも高実績で、密かに愛用するシーバスマンも少なくありません。,TRUE
,ima,https://www.ima-ams.co.jp/product/products/detail/312,フローティングミノー,クオリー 105F,Qualy 105F,#5,#5,,,,#3,Floating,ウォブンロール,105,18,40,70,imaの移動重心システム「MRD」搭載アイテム第5弾。遠投性能と立ち上がりのよさを持ち合わせ、年間を通して使いやすいミノーをコンセプトに開発された「Qualy 105F」。あらゆるパターンにハマる汎用性の高いアイテムに仕上がりました。,TRUE
,ima,https://www.ima-ams.co.jp/product/products/detail/111,ポッパー,クープ 45,Qoop 45,#12,#12,,,,#1,Floating,ドッグウォーク,45,3,0,0,ima初のライトゲーム用ペンシルポッパー、Qoop 45。メインターゲットはメバルや小型回遊魚です。カップによるポップ音と、ボールウェイトのコトコトというラトル音により、2つの異なるサウンドを発生します！腹部にグローボールを内蔵し、常夜灯のない磯場でもルアーを視認することを可能にしました。30mmクラスの小型トッププラグでは、動きが破錠しやすい傾向があるため、操作性を考えボディは45mmに設定しました。,TRUE
,ima,https://www.ima-ams.co.jp/product/products/detail/58,サスペンドシャッド,K-太 38 サスペンド,K-TA 38 SUSPEND,#14,#14,,,,#1,Suspend,ウォブンロール,38,2.7,20,50,K-太シリーズの代名詞でもあるアクションを止めた瞬間の「食わせの間」を継承したライトゲーム用サスペンドシャッド。「巻いて・止めて・アクションをみせる」というK-太シリーズの基本操作は、メバル・カサゴといった根魚をはじめ、小型回遊魚にも活躍します。,TRUE
,ima,https://www.ima-ams.co.jp/product/products/detail/57,サスペンドシャッド,K-太 58 サスペンド,K-TA 58 SUSPEND,#10,#10,,,,#3,Suspend,ウォブンロール,58,8,10,40,K-太 77 SUSPENDの特徴であるサスペンドセッティングを継承し、58mmのひと口サイズにサイズダウン。ストップ&ゴーや連続トゥイッチからの止めで「食わせの間」を演出することで、スレた魚に口を使わせることができます。ハクや稚鮎に代表される春のマイクロベイトパターンや、港湾部などの小場所に最適です。,TRUE
,ima,https://www.ima-ams.co.jp/product/products/detail/56,サスペンドシャッド,K-太 77 サスペンド,K-TA 77 SUSPEND,#6,#6,,,,#3,Suspend,ウォブンロール,77,12,10,60,キャスト性能、立ち上がりの速さ、マグネット重心移動システムがその全てを高次元で実現。水平姿勢で漂うサスペンドセッティングにより、リトリーブやアクションを止めた瞬間の「食わせの間」を演出可能にしたK-太 77 SUSPEND。港湾部や小規模河川、ボートシーバスゲームなどシーバスがそこにいると思える時、そこで口を使わせたい時にこのルアーの出番。,TRUE
,ima,https://www.ima-ams.co.jp/product/products/detail/117,バイブレーション,コウメ 60,koume 60,#10,#10,,,,#2,Sinking,バイブレーション,60,11,60,,ミノーシェイプとカミソリのようなエッジを持ち、引き抵抗を極限まで軽減し、手元にしっかりと振動を伝えるkoumeシリーズ。スタンダードモデルは60mm・11g〜90mm・20g がラインナップ。シリーズ最小のkoume 60は小型ベイトを偏食する春先のマイクロベイトパターンに、koume 70・80は季節や場所を選ばず通年使えるオールマイティー。koume 90は大型ベイトを捕食している時や深めのレンジを探りたい時に！,TRUE
,ima,https://www.ima-ams.co.jp/product/products/detail/121,バイブレーション,コウメ 60 ヘヴィー,koume 60 heavy,#10,#10,,,,#2,Sinking,バイブレーション,60,17,50,,koumeシリーズの快適な使い心地はそのままに、従来モデルよりもウエイトを大幅にアップ。これによりキャスタビリティが劇的に向上。koume 60 heavy〜80 heavyはシーバスはもちろん、ボトムトレースがキモとも言える黒鯛やフラットフィッシュ狙いにも強く、koume 90 heavyはボートゲームや沖堤防の攻略には欠かせません！,TRUE
,ima,https://www.ima-ams.co.jp/product/products/detail/116,バイブレーション,コウメ 70,koume 70,#8,#8,,,,#3,Sinking,バイブレーション,70,13,70,,ミノーシェイプとカミソリのようなエッジを持ち、引き抵抗を極限まで軽減し、手元にしっかりと振動を伝えるkoumeシリーズ。スタンダードモデルは60mm・11g〜90mm・20g がラインナップ。シリーズ最小のkoume 60は小型ベイトを偏食する春先のマイクロベイトパターンに、koume 70・80は季節や場所を選ばず通年使えるオールマイティー。koume 90は大型ベイトを捕食している時や深めのレンジを探りたい時に！,TRUE
,ima,https://www.ima-ams.co.jp/product/products/detail/120,バイブレーション,コウメ 70 heavy,koume 70 heavy,#8,#8,,,,#3,Sinking,バイブレーション,70,18,80,80,koumeシリーズの快適な使い心地はそのままに、従来モデルよりもウエイトを大幅にアップ。これによりキャスタビリティが劇的に向上。koume 60 heavy〜80 heavyはシーバスはもちろん、ボトムトレースがキモとも言える黒鯛やフラットフィッシュ狙いにも強く、koume 90 heavyはボートゲームや沖堤防の攻略には欠かせません！,TRUE
,ima,https://www.ima-ams.co.jp/product/products/detail/115,バイブレーション,コウメ 80,koume 80,#6,#6,,,,#3,Sinking,バイブレーション,70,18,80,,ミノーシェイプとカミソリのようなエッジを持ち、引き抵抗を極限まで軽減し、手元にしっかりと振動を伝えるkoumeシリーズ。スタンダードモデルは60mm・11g〜90mm・20g がラインナップ。シリーズ最小のkoume 60は小型ベイトを偏食する春先のマイクロベイトパターンに、koume 70・80は季節や場所を選ばず通年使えるオールマイティー。koume 90は大型ベイトを捕食している時や深めのレンジを探りたい時に！,TRUE
,ima,https://www.ima-ams.co.jp/product/products/detail/119,バイブレーション,コウメ 80 ヘヴィー,koume 80 heavy,#6,#6,,,,#3,Sinking,バイブレーション,80,15,80,,koumeシリーズの快適な使い心地はそのままに、従来モデルよりもウエイトを大幅にアップ。これによりキャスタビリティが劇的に向上。koume 60 heavy〜80 heavyはシーバスはもちろん、ボトムトレースがキモとも言える黒鯛やフラットフィッシュ狙いにも強く、koume 90 heavyはボートゲームや沖堤防の攻略には欠かせません！,TRUE
,ima,https://www.ima-ams.co.jp/product/products/detail/114,バイブレーション,コウメ 90,koume 90,#4,#4,,,,#3,Sinking,バイブレーション,90,20,160,,ミノーシェイプとカミソリのようなエッジを持ち、引き抵抗を極限まで軽減し、手元にしっかりと振動を伝えるkoumeシリーズ。スタンダードモデルは60mm・11g〜90mm・20g がラインナップ。シリーズ最小のkoume 60は小型ベイトを偏食する春先のマイクロベイトパターンに、koume 70・80は季節や場所を選ばず通年使えるオールマイティー。koume 90は大型ベイトを捕食している時や深めのレンジを探りたい時に！,TRUE
,ima,https://www.ima-ams.co.jp/product/products/detail/118,バイブレーション,コウメ 90 ヘヴィー,koume 90 heavy,#4,#4,,,,#3,Sinking,バイブレーション,90,28,150,,koumeシリーズの快適な使い心地はそのままに、従来モデルよりもウエイトを大幅にアップ。これによりキャスタビリティが劇的に向上。koume 60 heavy〜80 heavyはシーバスはもちろん、ボトムトレースがキモとも言える黒鯛やフラットフィッシュ狙いにも強く、koume 90 heavyはボートゲームや沖堤防の攻略には欠かせません！,TRUE
,ima,https://www.ima-ams.co.jp/product/products/detail/50,リップレスミノー,コスケ 85F,kosuke 85F,#4,#4,,,,#3,Floating,ローリング,85,11.5,30,70,kosuke 110Fの基本性能を継承し、小型プラグのあらゆる欠点をクリアにしたモデル。85mmとは思えない抜群の飛距離は港湾部や小場所はもちろん、本来スモールプラグの出番がないオープンエリアや外洋も難なくこなします。大型の#4フックを搭載し、ランカーシーバス狙いにも使用することができる万能型スモールミノーです。,TRUE
,ima,https://www.ima-ams.co.jp/product/products/detail/49,リップレスミノー,コスケ 110F,kosuke 110F,#4,#4,,,,#3,Floating,ローリング,110,17,40,80,komomo、sasukeシリーズに次ぐimaのハイエンドミノー、kosukeシリーズのオリジナルモデル。シーバスが思わず口を使いたくなるローリングアクション、110mmということを忘れさせるキャスタビリティ、絶妙なレンジセッティング、そしてルアーの挙動をアングラーに伝える情報伝達力。高性能な万能ミノーはあらゆる状況で活躍します。,TRUE
,ima,https://www.ima-ams.co.jp/product/products/detail/52,リップレスミノー,コスケ 130F,kosuke 130F,#2,#2,,,,#4,Floating,ローリング,130,26,50,90,その汎用性と性能でシーバスゲームのニュースタンダードともなったkosukeシリーズ。なかでもオープンエリアやラフなコンディションを得意とするのがこの130mm。ワイヤー強度のアップなど内部構造を強化したことでランカーでも安心してファイトができ、攻略の幅をさらに広げてくれます。飛距離のほしい外洋や荒れた磯でのヒラスズキ狙いに。,TRUE
,ima,https://www.ima-ams.co.jp/product/products/detail/51,リップレスミノー,コスケ 170F,kosuke 170F,#3,#3,#3,,,#4,Floating,ローリング,170,39,30,80,大型ベイトパターン用に開発されたシリーズ最大サイズのkosuke 170F。そのサイズとは裏腹に繊細で非常になめらかなローリングアクションが魚をとりこにします。ただ巻きはもちろんのこと、ドリフトや日中のトゥイッチ、ジャークとさまざまな使い方に対応しており、豪快なビッグベイトゲームの中で手堅く魚を魅了したい時におすすめです。,TRUE
,ima,https://www.ima-ams.co.jp/product/products/detail/26,リップレスミノー,コモモ 85SF カウンター,komomo 85SF counter,#8,#8,,,,#3,Floating,ローリング＋ウォブリング,85,8,5,40,シリーズ最小のkomomo。汎用性の高い85mmサイズで、違和感を与えにくい細身のシルエットが特徴。アピールを抑えたアクションでkomomoらしいシャロー性能を持ち、バチやハク、イワシなどの小型のベイトを捕食するシーバスに威力を発揮します。他のkomomoと同様、SFとカウンターモデルを使い分けることでさまざまな状況で活躍します。,TRUE
,ima,https://www.ima-ams.co.jp/product/products/detail/22,リップレスミノー,コモモ 110S カウンター,komomo 110S counter,#8,#8,#8,,,#3,Slow Sinking,ローリング＋ウォブリング,110,13,30,80,komomoシリーズきってのオールラウンダー。大きくも小さくもない“ちょうどいい”サイズ感は、バチパターンからベイトパターンまで抜群の実釣性能を誇ります。125mmモデルと同様、SFよりもやや下のレンジを控えめなアクションで使うことができます。1年を通してルアーケースに入れることのできる万能なkomomoです。,TRUE
,ima,https://www.ima-ams.co.jp/product/products/detail/30,リップレスミノー,コモモ 130 スリム トマホーク,komomo 130 slim TOMAHAWK,#6,#6,#6,,,#3,Sinking,ウォブンロール,130,13.5,20,60,130mmというサイズながらスリムシルエットでナチュラルにみせるkomomo。TOMAHAWKの名にふさわしい飛距離と、アピール力を抑えたローリング気味のアクションが特徴です。シャローのハイプレッシャーな状況を打開するための切り札として使ってほしいルアーです。,TRUE
,ima,https://www.ima-ams.co.jp/product/products/detail/509,リップレスミノー,コモモ 155 カウンター,komomo 155 counter,#3,#3,#3,,,#3,Floating,ウォブンロール,155,29,20,70,komomoSF-155よりアクションを弱くナチュラルに設定したウェイトチューンモデル。流速の速い河川でのドリフト釣法において、ダウンストリームに入っても暴れ過ぎずにナチュラルにアピールしてくれます。晩秋の落ち鮎パターンやカビボラパターンなど、弱って流されていくベイトをイメージして使っていただくのがおすすめです。,TRUE
,ima,https://www.ima-ams.co.jp/product/products/detail/25,リップレスミノー,コモモ SF-85,komomo SF-85,#8,#8,,,,#3,Floating,ローリング＋ウォブリング,85,7,5,30,シリーズ最小のkomomo。汎用性の高い85mmサイズで、違和感を与えにくい細身のシルエットが特徴。アピールを抑えたアクションでkomomoらしいシャロー性能を持ち、バチやハク、イワシなどの小型のベイトを捕食するシーバスに威力を発揮します。他のkomomoと同様、SFとカウンターモデルを使い分けることでさまざまな状況で活躍します。,TRUE
,ima,https://www.ima-ams.co.jp/product/products/detail/31,リップレスミノー,コモモ SF-95 スリム,komomo SF-95 slim,#10,#10,,,,#2,Floating,ウォブンロール,95,5.7,15,30,バチ、稚鮎、サヨリ…自然界には細身のシルエットのベイトが存在します。これらのベイトを捕食するシーバスは、ルアーシルエットに対し非常にセレクティブ。細身ボディ&控えめアクションのkomomo SF-95 slimをフィネスタックルと組み合わせて難しいシチュエーションを攻略しましょう。,TRUE
,ima,https://www.ima-ams.co.jp/product/products/detail/21,リップレスミノー,コモモ SF-110,komomo SF-110,#8,#8,#8,,,#2,Floating,ローリング＋ウォブリング,110,12,0,50,シリーズならではのスリムシェイプに、抑え気味のアクションでナチュラルにアピール。また着水の音がより小さくなるよう着水時の姿勢もこだわり抜かれています。タングステンウェイトを搭載しているため飛距離も安定。ここぞというピンスポットで狙ったターゲットに有効です。シャローゲームのローテーションに欠かせない1本です。,TRUE
,ima,https://www.ima-ams.co.jp/product/products/detail/19,リップレスミノー,コモモ SF-125,komomo SF-125,#4,#4,#4,,,#3,Floating,ウォブンロール,125,18,5,50,投げて巻くだけで釣れるリップレスミノーとして1998年に登場したkomomo SF-125。今回で2度目のフルモデルチェンジとなるkomomo SF-125は、浮力設定の見直しやMRDシステムの搭載、ヘッドに新構造を採用したことにより、「komomo」本来のコンセプトはそのままに、「シャロー性能」と「遠投性能」を両立したモデルに仕上がりました。飛距離、シャロー性能、スロー耐性が別次元になった新komomoをどうぞお楽しみください。,TRUE
,ima,https://www.ima-ams.co.jp/product/products/detail/20,リップレスミノー,コモモ 125 カウンター,komomo 125 counter,#4,#4,#4,,,#3,Suspend in saltwater,ウォブンロール,110,13,30,80,シャロー性能や飛距離性能などkomomo SF-125の基本性能はそのままにオリジナルモデルより少し抑えたなめらかなアクションでシーバスを魅了します。komomo SF-125より一枚下のレンジを狙いたい時やよりナチュラルに魅せたい時に最適です。,TRUE
,ima,https://www.ima-ams.co.jp/product/products/detail/27,リップレスミノー,コモモ SF-145,komomo SF-145,#3,#3,#3,,,#4,Floating,ローリング＋ウォブリング,145,26,20,50,外洋や河口のシャローレンジに彷徨うランカー攻略を可能にしてくれるビッグサイズのkomomo。コノシロやハタハタといった大型のベイトを偏食している時や、サイズと泳ぎでルアーの存在を強くアピールしたい時はkomomo SF-145の出番です。,TRUE
,ima,https://www.ima-ams.co.jp/product/products/detail/28,リップレスミノー,コモモ SF-145 カウンター,komomo 125 counter,#4,#4,#3,,,#4,Floating,ウォブンロール,145,22,30,60,komomoシリーズ最大サイズ・最大重量を誇るランカー狙いモデル。ノーマルモデルと同様、秋の大型ベイトパターンではもちろんのこと、派手なアクションを封印したカウンターアクションが瀕死の鮎を演出し、落ち鮎パターンの必携ルアー。ノーマルとの使い分けが釣果UPの秘訣です。,TRUE
,ima,https://www.ima-ams.co.jp/product/products/detail/508,リップレスミノー,コモモ SF-155,komomo SF-155,#3,#3,#3,,,#3,Floating,ウォブンロール,155,25,5,50,komomoシリーズ最大の155mm。シリーズ特有の水面直下から50cmのレンジをゆっくりと泳がせられるシャロー性能、なめらかでナチュラルなアクションはそのままに、MRDシステム搭載により立ち上がりのよさも抜群に。河川の落ち鮎や、河川から干潟のボラなど大型ベイトパターンではパイロットルアーとしても活躍してくれます。,TRUE
,ima,https://www.ima-ams.co.jp/product/products/detail/32,リップレスミノー,コモモII,komomoII,#3,#3,,,,#3,Floating,ローリング＋ウォブリング,110,15,0,20,特徴的なヘッド構造から生まれる激しいアクションで水面直下をかき回します。デッドスローリトリーブではハイピッチローリング、スローリトリーブではワイドなスネーキングアクションで水面を意識した高活性なシーバスにハイアピール。晩秋の成長したボラが湧く状況や落ち鮎パターン、サラシの薄いヒラスズキゲームまでさまざまな場面で威力を発揮します。,TRUE
,ima,https://www.ima-ams.co.jp/product/products/detail/34,リップレスミノー,コモモII 65,komomoII 65,#10,#10,,,,#2,Floating,ローリング＋ウォブリング,65,6,0,20,春先になると、河川ではボラの幼魚であるハクにシーバスが激しくボイルする光景が見られます。そんな時に迷わず投げてもらいたいのがkomomoII 65。キャストを躊躇するほど浅いエリアを、小さなシルエットでスローに探ることができるこのルアーは、マイクロパターン攻略に必須アイテムです。,TRUE
,ima,https://www.ima-ams.co.jp/product/products/detail/33,リップレスミノー,コモモII 90,komomoII 90,#4,#4,,,,#3,Floating,ローリング＋ウォブリング,90,12,0,20,オリジナルの110mmからのサイズダウンしたモデル。シーバスのターゲットとされやすい90mmで、年間を通して最も扱いやすいモデルです。シーバスがイナッコを偏食している時や、トップウォーターに出切らない時がこのkomomoII 90の出番です。,TRUE
,ima,https://www.ima-ams.co.jp/product/products/detail/108,シンキングペンシル,コレット 45,COLLET 45,#16,#16,,,,#1,Sinking,ローリング,45,2.5,10,30,スイム姿勢やフォール姿勢にこだわったローリングアクションのシンキングペンシルです。ジグヘッドで攻めにくいシャローや、ミノーで届かないストラクチャー周りにも効果的です。デッドスローでゆっくり魅せる、食わせのタイミングを意識したロールアクションや水平フォールでバイトを誘発します。,TRUE
,ima,https://www.ima-ams.co.jp/product/products/detail/208,シンキングペンシル,コレット 60,COLLET 60,#14,#14,,,,#1,Sinking,ローリング,60,4.2,10,30,ラフなコンディションや大型攻略には欠かせないライトゲーム用シンキングペンシルです。シャローや根・藻場まわりをスローに誘い、スリムなボディで食わせ効果アップ！60mmはよりラフなコンディションに対応し、45mmでカバーしきれない距離や状況に対応します。,TRUE
,ima,https://www.ima-ams.co.jp/product/products/detail/560,シンキングミノー,コウ 130S,ko 130S,#8,#8,#8,,,#2,Sinking,ローリング,130,12,0,60,9年ぶりに待望の「ko 130S」を限定復刻。ko 130Sはご覧のとおり、バチやサヨリなどの細身のベイトにマッチする極細ミノー。控えめなロールアクションで表層を探れます。その人気は国内にとどまらず、海外からもリクエストの多い銘品です。,TRUE
,ima,https://www.ima-ams.co.jp/product/products/detail/106,トップウォーター,サイレントソルトスキマー,Silent Salt Skimmer,#4,#4,,,,#3,Floating,ドッグウォーク,110,13,0,0,imapopkeyとは正反対の細身シルエットであり、浮き姿勢は水平に、誰でも簡単にドッグウォークが可能です。細みであることから控えめなアピールで、警戒心の強いシャローのシーバスにうってつけです。飛行姿勢・遠投性能も優秀で沖でボイルするシーバス攻略には欠かせないルアーです。,TRUE
,ima,https://www.ima-ams.co.jp/product/products/detail/42,リップレスミノー,サスケ 105,sasuke 105,#4,#4,,,,#3,Floating,ウォブンロール,105,13,50,80,干潟の中層からボトムを意識したkomomo SF-125とsasuke 120 裂波の中間レンジのミノー。ステディリトリーブによるスライドダートアクションや激しいアクションを入れても水面を割りにくいことから、デイゲームのリアクションバイトを誘います。空力に優れたボディで強風下でも安定した飛距離を出す、オールラウンダーsasukeです。,TRUE
,ima,https://www.ima-ams.co.jp/product/products/detail/39,リップレスミノー,サスケ 120 剛力,sasuke 120 goriki,#3,#3,,,,#3,Floating,ウォブンロール,120,19,50,100,荒波にがっちり食いつくレードルリップと適度なファットボディが特徴のsasuke 120 剛力。シリーズ随一の浮力とアピール力で磯や外洋などのパイロットルアーとして欠かせないルアーです。また120mmサイズに#3の大型フックを搭載したこのルアーはランカーシーバスをより確実に獲りたい大型ハンターからも高い支持を得ています。,TRUE
,ima,https://www.ima-ams.co.jp/product/products/detail/210,リップレスミノー,サスケ 120 裂空,sasuke 120 rekku,#3,#3,,,,#3,Floating,ウォブンロール,120,20,60,80,シリーズ初のMRDシステムを搭載したsasuke 120 裂空。昨今のルアーに求められる飛距離・飛行姿勢・立ち上がり・アクション・レンジ・使える速度域・バラしにくさといった基本性能に極限までこだわった誰でも簡単に使え釣果が得られる“コンプリートミノー”です。アクションはローリングが強め。「裂波」と使い分けて攻略の幅を広げましょう。,TRUE
,ima,https://www.ima-ams.co.jp/product/products/detail/35,リップレスミノー,サスケ 120 裂波,sasuke 120 reppa,#6,#6,#6,,,#3,Floating,ウォブンロール,120,17,70,90,ima独自のレードルリップをもつsasukeシリーズの代表作。「キングオブソルトウォーターミノー」と呼ばれるフラッグシップモデルの「裂波」ですがシーバス、フラットフィッシュ、青物はもちろん、淡水や海外のあらゆるシチュエーションでもその力を発揮しています。魚種や場所を選ばない汎用性と実釣力の高さはまさに日本を代表するモンスタールアーです。,TRUE
,ima,https://www.ima-ams.co.jp/product/products/detail/37,リップレスミノー,サスケ 120S 裂風,sasuke 120S reppu,#6,#6,#6,,,#3,Sinking,ウォブンロール,120,18,70,100,sasuke 120 裂波に1gのウェイトを追加したシンキングモデル。オープンエリアではその遠投性能をいかし、さらに広範囲のエリアを探れるのも魅力です。磯やサーフといったエリアで水に馴染ませてトレースをすることや、一枚深いレンジをスローに攻めたい時など「裂波」との使い分けで活躍します。,TRUE
,ima,https://www.ima-ams.co.jp/product/products/detail/40,リップレスミノー,サスケ 130 剛力,sasuke 130 goriki,#2,#2,,,,#4,Floating,ウォブンロール,130,25,80,120,sasukeシリーズ最高のパワーモデル。強風をものともしないキャスタビリティーと、荒れた海面でもしっかり水を捉える力強い泳ぎが特徴。ラフなコンディション下での釣りや大型狙いの釣りに安心してのぞむことができます。大型の#2フックを搭載しており、ランカーシーバスや青物、アカメなどを狙ううえでは必携のsasukeです。,TRUE
,ima,https://www.ima-ams.co.jp/product/products/detail/449,リップレスミノー,サスケ 140 真裂波,sasuke 140 shinreppa,#4,#4,#4,,,#3,Floating,ウォブンロール,140,23,60,100,imaのフラッグシップモデル「裂波」の名を継承するsasuke 140 真裂波。「裂波」の代名詞ともいえるシリーズ特有の“魚を寄せる“ウォブンロールアクションはそのままに、重心移動システム「MRD」搭載によりシリーズ随一の飛行安定性を実現。最長飛距離は驚愕の75mを記録。また、すばやい立ち上がりで着水後の泳ぎ出しも抜群です。絶妙な浮力設定でスローからファストまで幅広い巻き速度に対応し、サイズ感にとらわれず、さまざまなフィールドで活躍します。まさに、キングオブソルトウォーターミノーの真価が発揮される一本です。,TRUE
,ima,https://www.ima-ams.co.jp/product/products/detail/36,リップレスミノー,サスケ 140 裂波,sasuke 140 reppa,#3,#3,#3,,,#4,Floating,ウォブンロール,140,20,60,100,sasuke 120 裂波の優れたバランスをそのまま踏襲し、タフな条件下での安定感はピカイチ。特にヒラスズキゲームとの相性もよく、ベスト・オブ・ヒラスズキルアーとの呼び声も。もちろん基本性能の高さは使う場所を選ばず、広大なシャローが広がる河口域やサーフゲームとの相性も抜群。ランカーを狙ううえで欠かせないルアーです。,TRUE
,ima,https://www.ima-ams.co.jp/product/products/detail/38,リップレスミノー,サスケ 140S 裂風,sasuke 140S rekku,#3,#3,#3,,,#4,Sinking,ウォブンロール,140,21,70,100,sasuke 140 裂波をシンキング化したモデル。高い遠投性能という魅力はもちろん、荒れた状況や足場の高いポイントでの操作性にも優れ、シンキングならではの流れに乗せるドリフトテクニックや細かい誘いも得意なモデルです。ラフなコンディションやsasuke 140 裂波の一枚下のレンジを攻略したい時などにおすすめです。,TRUE
,ima,https://www.ima-ams.co.jp/product/products/detail/316,リップレスミノー,サスケ SS-50,sasuke SS-50,#16,#16,,,,#1,Sinking,ウォブンロール,50,1.7,20,50,imaのライトゲームプラグの定番であるsasuke SF-50。そのシークレットチューンとしてimaスタッフがフックを変更し、さらなる釣果を生み出してきたマル秘モデルが待望の製品化。アクションの強いルアーに反応しない低活性時やストラクチャー周りのここぞというピンポイントでアクションを入れたあとのステイも得意なアイテムです。,TRUE
,ima,https://www.ima-ams.co.jp/product/products/detail/46,リップレスミノー,サスケ SS-75,sasuke SS-75,#10,#10,,,,#2,Sinking,ウォブンロール,75,7,40,90,シーバスをターゲットとしたsasukeの小型モデル。早春からのマイクロベイトパターンに特に強く、小場所から干潟・河口といったオープンエリアでも活躍し、サイズを感じさせない飛距離もこのルアーの魅力です。SF・SSはレンジの使い分け以外に、リトリーブではSF、ドリフトやアクションといった小技を入れるにはSSと、使い分けができます。,TRUE
,ima,https://www.ima-ams.co.jp/product/products/detail/44,リップレスミノー,サスケ SS-95,sasuke SS-95,#6,#6,,,,#3,Sinking,ウォブンロール,95,10,30,60,“シーバスの餌”とまで呼ばれる高い実釣性能を誇る超ロングセラーミノー。港湾部をはじめ河川から干潟まで使う場所や季節を選ばず活躍。安定した飛距離と食わせのアクションを併せ持つ。フローティングのSFとシンキングのSSの使い分けにより様々な状況に対応します。,TRUE
,ima,https://www.ima-ams.co.jp/product/products/detail/48,リップレスミノー,サスケ SF-50,sasuke SF-50,SBL-55M #12,,,,,#1,Floating,ウォブンロール,50,1.5,10,40,人気のsasukeシリーズの最小モデルですが、そのアクションの安定感は抜群です。アジング・メバリングにおいてプラグは広く探るためのルアーという位置づけが一般的ですが、このsasuke SF-50はピンポイントでの攻略にも活躍します。船陰や明暗の境等でライズするターゲットの目の前に通せば、すぐにバイトを誘発するでしょう。,TRUE
,ima,https://www.ima-ams.co.jp/product/products/detail/45,リップレスミノー,サスケ SF-75,sasuke SF-75,#10,#10,,,,#2,Floating,ウォブンロール,75,6,30,80,シーバスをターゲットとしたsasukeの小型モデル。早春からのマイクロベイトパターンに特に強く、小場所から干潟・河口といったオープンエリアでも活躍し、サイズを感じさせない飛距離もこのルアーの魅力です。SF・SSはレンジの使い分け以外に、リトリーブではSF、ドリフトやアクションといった小技を入れるにはSSと、使い分けができます。,TRUE
,ima,https://www.ima-ams.co.jp/product/products/detail/43,リップレスミノー,サスケ SF-95,sasuke SF-95,#6,#6,,,,#3,Floating,ウォブンロール,95,8,10,60,“シーバスの餌”とまで呼ばれる高い実釣性能を誇る超ロングセラーミノー。港湾部をはじめ河川から干潟まで使う場所や季節を選ばず活躍。安定した飛距離と食わせのアクションを併せ持つ。フローティングのSFとシンキングのSSの使い分けにより様々な状況に対応します。,TRUE
,ima,https://www.ima-ams.co.jp/product/products/detail/133,スピンテールジグ,サンティス 33,Santis 33,#8,#8,,,,#3,Sinking,ローリング+スラローム,72,33,,,Santis 33はサーフをメインフィールドとしたブレード付きジグスプーン。リトリーブだけで発生するローリング+スラロームアクションに加え、ブレードのフラッシング効果でターゲットの食性を刺激します。スプーン形状により通常のメタルジグよりも低速に強く、フラットフィッシュの捕食ゾーンを的確にトレースできます。加えて遠投性も折り紙つきなのです。,TRUE
,ima,https://www.ima-ams.co.jp/product/products/detail/132,スピンテールジグ,サンティス 40,Santis 40,#10,#6,,,,#3,Sinking,ローリング+スラローム,76,40,,,より遠く、より深く、広範囲を探ることを得意とするSantis 40。ボディ全体が大きくなっていることにより水噛みが良くなり、より大ぶりなアクションでフラットフィッシュを誘います。また、新形状のブレードを搭載することにより、重量級ながらも軽快な使用感になっています。フラットフィッシュは勿論、様々な魚種に高い効果を上げ続けています。,TRUE
,ima,https://www.ima-ams.co.jp/product/products/detail/124,メタルバイブレーション,シュナイダー 13,SCHNEIDER 13,#12,#12,,,,#2,Sinking,バイブレーション,55,13,,,投げる・巻く・沈めるの基本性能を徹底的に追求したSCHNEIDERシリーズが2025年にフルモデルチェンジ。13gはシャローに最適なウェイト設定をそのままに、フックをクラス最大級サイズに。小型で軽量な鉄板バイブレーションにありがちなバラシやすさを低減。フロントアイはダウンクロスや早巻き、リアアイはアップクロスや遅巻きに最適です。,TRUE
,ima,https://www.ima-ams.co.jp/product/products/detail/123,メタルバイブレーション,シュナイダー 18,SCHNEIDER 18,#8,#8,,,,#3,Sinking,バイブレーション,68,18,,,投げる・巻く・沈めるの基本性能を徹底的に追求したSCHNEIDERシリーズが2025年にフルモデルチェンジ。18gはシャローエリアのボトム攻略や水深のある河川などでの使用に最適なウェイト設定はそのまま、飛行姿勢の改善や針絡みの軽減など基本性能をブラッシュアップ。フロントアイはダウンクロスや早巻き、リアアイはアップクロスや遅巻きに最適です。,TRUE
,ima,https://www.ima-ams.co.jp/product/products/detail/510,メタルバイブレーション,シュナイダー 25,SCHNEIDER 25,#6,#6,,,,#3,Sinking,バイブレーション,73,25,100,,投げる・巻く・沈めるの基本性能を徹底的に追求したSCHNEIDERシリーズが2025年にフルモデルチェンジ。旧28gモデルを外洋、河口域、サーフでも使いやすい25gに変更。飛行姿勢の改善や針絡みを軽減するなど基本性能をブラッシュアップしました。フロントアイはダウンクロスや早巻き、リアアイはアップクロスや遅巻きに最適です。,TRUE
,ima,https://www.ima-ams.co.jp/product/products/detail/66,シンキングミノー,ジェッティー 135S,Jetty 135S,#4,#4,,,,#3,Sinking,ウォブンロール,135,26,50,200,サーフゲームに特化したリップ付きシンキングミノーJetty 135S。MRDシステムを搭載し圧倒的な遠投性能を武器に、アピール力の強い派手目のウォブンロールアクションで魚を引き寄せます。幅広いレンジをしっかりとカバー出来るシンキング性能も魅力。サーフゲームのパイロットルアーとして活躍すること間違いなしです。,TRUE
,ima,https://www.ima-ams.co.jp/product/products/detail/220,メタルジグ,ジロー 80g,JIRO 80g,#1/0,#2/0,,,,,Sinking,ジグザグフォール/ローリングフォール,110,80,,,コンセプトは「誰にでも扱いやすく、汎用性の高いパイロットジグ」。フォールスピードも速く、その日の状況を探るのに適しています。使い方はいたって簡単。ワンピッチジャークやジャカジャカ巻きといったオーソドックスな誘い方でOK。フック標準搭載でJIROがあればすぐにタチウオが釣れます。,TRUE
,ima,https://www.ima-ams.co.jp/product/products/detail/221,メタルジグ,ジロー 100g,JIRO 100g,#1/0,#2/0,,,,,Sinking,ジグザグフォール/ローリングフォール,118,100,,,コンセプトは「誰にでも扱いやすく、汎用性の高いパイロットジグ」。フォールスピードも速く、その日の状況を探るのに適しています。使い方はいたって簡単。ワンピッチジャークやジャカジャカ巻きといったオーソドックスな誘い方でOK。フック標準搭載でJIROがあればすぐにタチウオが釣れます。,TRUE
,ima,https://www.ima-ams.co.jp/product/products/detail/222,メタルジグ,ジロー 120g,JIRO 120g,#1/0,#2/0,,,,,Sinking,ジグザグフォール/ローリングフォール,122,120,,,コンセプトは「誰にでも扱いやすく、汎用性の高いパイロットジグ」。フォールスピードも速く、その日の状況を探るのに適しています。使い方はいたって簡単。ワンピッチジャークやジャカジャカ巻きといったオーソドックスな誘い方でOK。フック標準搭載でJIROがあればすぐにタチウオが釣れます。,TRUE
,ima,https://www.ima-ams.co.jp/product/products/detail/223,メタルジグ,ジロー 150g,JIRO 150g,#1/0,#2/0,,,,,Sinking,ジグザグフォール/ローリングフォール,133,150,,,コンセプトは「誰にでも扱いやすく、汎用性の高いパイロットジグ」。フォールスピードも速く、その日の状況を探るのに適しています。使い方はいたって簡単。ワンピッチジャークやジャカジャカ巻きといったオーソドックスな誘い方でOK。フック標準搭載でJIROがあればすぐにタチウオが釣れます。,TRUE
,ima,https://www.ima-ams.co.jp/product/products/detail/224,メタルジグ,ジロー 180g,JIRO 180g,#1/0,#2/0,,,,,Sinking,ジグザグフォール/ローリングフォール,142,180,,,コンセプトは「誰にでも扱いやすく、汎用性の高いパイロットジグ」。フォールスピードも速く、その日の状況を探るのに適しています。使い方はいたって簡単。ワンピッチジャークやジャカジャカ巻きといったオーソドックスな誘い方でOK。フック標準搭載でJIROがあればすぐにタチウオが釣れます。,TRUE
,ima,https://www.ima-ams.co.jp/product/products/detail/373,シンキングミノー,スイケン 50S,SUIKEN 50S,#12,#12,,,,#1,Sinking,ウォブンロール,50,6,30,150,メッキやカマスなどの小型回遊魚や、ハタなどの根魚をターゲットにしたヘビーシンキングミノー。比重の高いボディはキャストしやすく、比較的スピーディな沈下速度で表層から水深10mくらいまでの幅広いレンジを探れます。ただ巻きとトゥイッチを両立したアクションはどんな速度にも対応し、高速時にはイレギュラーな千鳥アクションを発生します。,TRUE
,ima,https://www.ima-ams.co.jp/product/products/detail/77,シンキングミノー,スカリ 37S Deep,sukari 37S Deep,#14,#14,,,,#1,Sinking,クランクアクション,37,3,,,渓流ではややオーバースペック気味であった50mmを、deepミノーの限界まで縮小しました。sukari 37S Deepはクランクベイトを思わせるネイチャートラウト用としては新しいアクションスタイルを採用し、スモールシルエットながら存在感をアピール。ノーフックでも瀬を切る超絶バランスで、シングルフックなどのフックレギュレーションに対応します。,TRUE
,ima,https://www.ima-ams.co.jp/product/products/detail/63,フローティングミノー,アイボーン 78F シャロー,iBORN 78F shallow,#6,#6,,,,#3,Floating,ワイドウォブンロール,78,8.5,10,40,ロングディスタンスで差をつける。<br>飛行姿勢を安定させ、飛距離を伸ばすボディ形状。<br>しっかりと水を噛む独特のリップ形状。<br>シャローでハイアピールなワイドウォブンロールアクション！<br><br>高いシャロー性能と遠投性能をあわせもつ万能シャローレンジミノー。マイクロベイトを捕食するセレクティブな状況や、港湾部や小規模なフィールドでも扱いやすいサイズとして登場。トリッキーなアクションにもしっかりと対応し、ナイトゲームはもとより、デイゲームでの使用にもおすすめです。,TRUE
,ima,https://www.ima-ams.co.jp/product/products/detail/427,シンキングペンシル,アルデンテ 95S ダンツァ,Aldente 95S danza,#10,#10,,,,#2,Sinking,ゆらぎスラローム,95,8,0,10,はがゆいレンジを引けるウェイトアップモデル。<br><br>毎年バチ抜けシーズンでNo.1の実績を誇るバチパターン専用アイテム「Aldente 95S」。今回はそんなAldente 95Sのウェイトチューンモデルが数量限定発売で登場。内部の固定ウェイトを追加することで飛距離アップ、レンジ幅の拡大とさらに使えるシチュエーションが増えました。バチパターン攻略の引き出しを増やそう！,TRUE
,ima,https://www.ima-ams.co.jp/product/products/detail/129,スピンテールジグ,SW 230V ガウル,SW 230V gaur,#10,#12,,,,#2,Sinking,テイルスピン,100,23,,,超スローリトリーブで魅せるVブレード。<br>Vブレード搭載で流れに強く軽い引き抵抗×超スローリトリーブ対応 !<br>パドルフィンが針咬みを軽減、スイム姿勢を安定させる !<br>状況に合わせて2フック、1フックに切り替え可能 !<br><br>特徴的なV字スリットが入ったVブレードはレスポンスの向上と引き重りを大幅に軽減し、超低速でも滑らかな回転を見せシーバスを誘います。。そして、ボディ後方に取り付けられたパドルフィンはフックの絡みを軽減し水平姿勢の安定に貢献し、河川や港湾部の岸壁やピン打ちといった、これまでテイルスピンが苦手としていたポイントの攻略を容易しました。,TRUE
,ima,https://www.ima-ams.co.jp/product/products/detail/128,スピンテールジグ,SW 320V ガウル,SW 320V gaur,#10,#10,,,,#2,Sinking,テイルスピン,105,32,,,深場を超スローリトリーブで攻略。<br>Vブレード搭載で流れに強く軽い引き抵抗×超スローリトリーブ対応 !<br>傾斜のついたパドルフィンが針絡みを軽減 !<br>状況に合わせて2フック、1フックに切り替え可能 !<br><br>より遠くへ、より深く。SW230V gaurのウエイトアップモデル。テイルスピンの中では重量級の部類に入るモデルですが、一度投げれば軽快な使用感にその重量を忘れるほどです。沖堤や港湾部といったディープエリアでも、快適な使用感を約束してくれます。スロースピードでもしっかり回りフラッシングを放つブレードはシーバスのバイトを誘発します。,TRUE
,ima,https://www.ima-ams.co.jp/product/products/detail/129,スピンテールジグ,SW 230V ガウル,SW 230V gaur,#10,#12,,,,#2,Sinking,テイルスピン,100,23,,,超スローリトリーブで魅せるVブレード。<br>Vブレード搭載で流れに強く軽い引き抵抗×超スローリトリーブ対応 !<brパドルフィンが針咬みを軽減、スイム姿勢を安定させる !<br>状況に合わせて2フック、1フックに切り替え可能 !<br><br>特徴的なV字スリットが入ったVブレードはレスポンスの向上と引き重りを大幅に軽減し、超低速でも滑らかな回転を見せシーバスを誘います。。そして、ボディ後方に取り付けられたパドルフィンはフックの絡みを軽減し水平姿勢の安定に貢献し、河川や港湾部の岸壁やピン打ちといった、これまでテイルスピンが苦手としていたポイントの攻略を容易しました。,TRUE
,ima,https://www.ima-ams.co.jp/product/products/detail/128,スピンテールジグ,SW 320V ガウル,SW 320V gaur,#10,#10,,,,#2,Sinking,テイルスピン,105,32,,,深場を超スローリトリーブで攻略。<br>Vブレード搭載で流れに強く軽い引き抵抗×超スローリトリーブ対応 !<br>傾斜のついたパドルフィンが針絡みを軽減 !<br>状況に合わせて2フック、1フックに切り替え可能 !<br><br>より遠くへ、より深く。SW230V gaurのウエイトアップモデル。テイルスピンの中では重量級の部類に入るモデルですが、一度投げれば軽快な使用感にその重量を忘れるほどです。沖堤や港湾部といったディープエリアでも、快適な使用感を約束してくれます。スロースピードでもしっかり回りフラッシングを放つブレードはシーバスのバイトを誘発します。,TRUE
,ima,https://www.ima-ams.co.jp/product/products/detail/24,リップレスミノー,コモモ 90 カウンター,komomo 90 counter,#4,#4,,,,#3,Floating,ローリング＋ウォブリング,90,15,40,70,一口サイズのkomomo、あります。<br>特性の「置く」「止める」「流す」でシーバス を攻略！<br>ハイプレッシャーな状況下で口を使わせたい時に！<br>控えめなアクションで、流れの中でも暴れない！<br><br>komomoの基本性能をべースに、通年使える一口サイズのボディ。不意のランカーにも対応できる#4フックを搭載し、小型ながらもランカー実績が高いアイテムです。 基本のSFモデルは、場所を選ばず様々な状況で活躍し、カウンターモデルは流れのあるフィールドに強く、水中で「置く」「止める」「流す」といった使用方法が可能。,TRUE
,ima,https://www.ima-ams.co.jp/product/products/detail/25,リップレスミノー,コモモ SF-85,komomo SF-85,#8,#8,,,,#3,Floating,ローリング＋ウォブリング,85,7,5,30,ナンバーワンバーサタリティ。<br>汎用性の高い細身で小ぶりなシルエット。<br>ローリング主体で弱めのウォブリングアクション！<br>浅瀬で使える高いシャロー遊泳力！<br><br>シリーズ最小のkomomo。汎用性の高い85mmサイズで、違和感を与えにくい細身のシルエットが特徴。アピールを抑えたアクションでkomomoらしいシャロー性能を持ち、バチやハク、イワシなどの小型のベイトを捕食するシーバスに威力を発揮します。他のkomomoと同様、SFとカウンターモデルを使い分けることでさまざまな状況で活躍します。,TRUE
,ima,https://www.ima-ams.co.jp/product/products/detail/23,リップレスミノー,コモモ SF-90,komomo SF-90,#4,#4,,,,#3,Floating,ローリング＋ウォブリング,90,14,30,60,一口サイズのkomomo、あります。<br>komomoの血を引く高い基本性能。<br>90mmサイズでは群を抜く飛距離！<br>バイトを重視した一口サイズ。<br><br>komomoの基本性能をべースに、通年使える一口サイズのボディ。不意のランカーにも対応できる#4フックを搭載し、小型ながらもランカー実績が高いアイテムです。 基本のSFモデルは、場所を選ばず様々な状況で活躍し、カウンターモデルは流れのあるフィールドに強く、水中で「置く」「止める」「流す」といった使用方法が可能。,TRUE
,ima,https://www.ima-ams.co.jp/product/products/detail/21,リップレスミノー,コモモ SF-110,komomo SF-110,#8,#8,#8,,,#2,Floating,ローリング＋ウォブリング,110,12,0,50,飛び込み競技が得意なkomomo。<br>さまざまなシーンでマルチに使える110mmサイズ。<br>タングステンウエイト装備で飛距離アップ。<br>干潮時のアマモやシートパイル攻略に最適！<br><br>シリーズならではのスリムシェイプに、抑え気味のアクションでナチュラルにアピール。また着水の音がより小さくなるよう着水時の姿勢もこだわり抜かれています。タングステンウェイトを搭載しているため飛距離も安定。ここぞというピンスポットで狙ったターゲットに有効です。シャローゲームのローテーションに欠かせない1本です。,TRUE
,ima,https://www.ima-ams.co.jp/product/products/detail/19,リップレスミノー,コモモ SF-125,komomo SF-125,#4,#4,#4,,,#3,Floating,ウォブンロール,125,18,5,50,投げて巻くだけ、伝説のシャローランナー。<br>超低速巻きでも魅惑のなめらかアクションを発生。<br>安定した飛行姿勢でよく飛び、着水後の動き出しも抜群。<br>水面下5cm～50cmを自在にレンジコントロール可能。<br><br>投げて巻くだけで釣れるリップレスミノーとして1998年に登場したkomomo SF-125。今回で2度目のフルモデルチェンジとなるkomomo SF-125は、浮力設定の見直しやMRDシステムの搭載、ヘッドに新構造を採用したことにより、「komomo」本来のコンセプトはそのままに、「シャロー性能」と「遠投性能」を両立したモデルに仕上がりました。飛距離、シャロー性能、スロー耐性が別次元になった新komomoをどうぞお楽しみください。,TRUE
,ima,https://www.ima-ams.co.jp/product/products/detail/122,メタルバイブレーション,シュナイダー 28,SCHNEIDER 28,#6,#6,,,,#3,Sinking,バイブレーション,73,28,,,スタンダードを極めたメタルバイブレーションレーション。<br>状況に応じて使い分ける2ラインアイ !<br>ストラクチャーやボトムとの接触をいち早く感知するプロテクションジョー !<br><br>SCHNEIDERは投げる・巻く・沈めるといった基本性能を徹底的に追及したメタルバイブレーションレーション。ビギナーからエキスパートまで快適に扱うことができるスタンダードなルアーです。シャローレンジからディープレンジまで、あらゆる状況に対応できる3サイズ展開で、シーバスゲーム攻略の幅が大きく広がります。,TRUE
,ima,https://www.ima-ams.co.jp/product/products/detail/127,スピンテールジグ,スピンガルフ ネオ 20,Spin Gulf neo 20,#12,#12,,,,#2,Sinking,テイルスピン,44,20,,,糸絡みを解消したスピンテールジグ。<br>適度な引き抵抗＆スムーズに回転し続けるブレード !<br>5mのディープレンジにも完全対応 !<br>安定した飛行姿勢で飛距離UP !<br><br>Spin Gulfはフォール時に針絡みしやすいスピンテールの欠点を解消。引き重り軽減のために小さめのブレードを採用し、プラグタックルでも使用可能です。10m以上のディープレンジには30gを。意外に攻められていない5m程度のセミディープレンジには20gを。,TRUE
,ima,https://www.ima-ams.co.jp/product/products/detail/126,スピンテールジグ,スピンガルフ ネオ 30,Spin Gulf neo 30,#10,#10,,,,#2,Sinking,テイルスピン,55,30,,,糸絡みを解消したスピンテールジグ。<br>適度な引き抵抗＆スムーズに回転し続けるブレード !<br>飛距距は驚異の70mアベレージ !<br>10mのディープレンジにも完全対応 !<br><br>Spin Gulfはフォール時に針絡みしやすいスピンテールの欠点を解消。引き重り軽減のために小さめのブレードを採用し、プラグタックルでも使用可能です。10m以上のディープレンジには30gを。意外に攻められていない5m程度のセミディープレンジには20gを。,TRUE
,ima,https://www.ima-ams.co.jp/product/products/detail/59,リップ付きシンペン,ソバット 80,sobat 80,#6,#6,,,,#3,Sinking,可変アクション,80,13,,,リバーシブルは好きですか？<br>サイズからは想像できない遠投性。<br>リトリーブスピード次第で変化するアクション。<br>マイクロ〜小型ベイトパターンまで幅広く活躍！<br><br>リップつきシンペンの先駆けといえるのがsobat 80。ジャンル的にはシンキングミノーでありながら、リトリーブスピードに応じてミノーのようにも、シンペンのようにも扱うことができます。デイゲームではファストリトリーブからのジャーク、スローリトリーブが中心となるナイトゲームではシンペン的なスラロームアクションと昼夜問わず活躍できる銘品です。,TRUE
,ima,https://www.ima-ams.co.jp/product/products/detail/88,シンキングペンシル,ソマリ 90,somari 90,#4,#4,,,,#3,Slow Sinking,ワイドピッチS字スラローム,90,18,5,40,鼻先ゆらゆら、シーバスくらくら。<br>サスペンドにも近い超スローシンキング<br>スローリトリーブ対応のワイドピッチS字スラローム<br>可変リトリーブでリアクションバイトを誘発<br><br>デッドスローリトリーブ時においても、なめらかなS字を描きながら水面直下攻略が可能なsomari 90。最大の特徴とも言えるのは、水中で食わせの間を演出できる超スローシンキング設定。アクションからのストップで食わせることはもちろん、流れに乗せて巻かずに流すだけでオートマチックにS字アクションを描き、シーバスのバイトを誘発します！,TRUE
,ima,https://www.ima-ams.co.jp/product/products/detail/87,シンキングペンシル,ソマリ 140,somari 140,#1,#1,,,,#4,Slow Sinking,S字スラローム,140,62,10,60,スケールが想像を超えるとき。<br>imaオリジナルの重心移動システム「MRD」搭載。<br>弱ったベイトの動きを演出、S字スラロームアクション。<br>大型ベイトを捕食するランカー狙いに。<br><br>somari 90のサイズアップモデル、大型ベイトパターン対応のスイムベイトsomari 140。落ち鮎やコノシロ、イナッコなどの大型ベイトフィッシュを捕食しているランカーシーバスの攻略用として開発された、まさに「スケールの大きい」ルアー。攻略の幅を広げてくれること間違いなしです！,TRUE
,ima,https://www.ima-ams.co.jp/product/products/detail/225,トップウォーター,チャッピー 80,CHAPPY 80,#6,#6,,,,#3,Floating,ドッグウォーク,80,12,0,0,サウンド＆アクションでシーバスに強烈アピール！<br>簡単にできるドッグウォーク。<br>魅惑のラトル音とアクション。<br>一口サイズで初夏の小型ベイトに。<br><br>クイックでスピーディなドッグウォークアクション、2種類のラトルが奏でる独特のサウンド、ナチュラルに発生するスプラッシュ&バブルといったCHAPPYの特徴はそのままに。さらに、ゆっくりとしたドッグウォークにも対応。12gとは思えない絶大な飛距離も相まって、初夏にありがちな「ボイルしているけどなかなかバイトしない」といったタフな状況や、大量のベイトの中でもルアーの存在感を際立たせ、バイトに持ち込むことができます。,TRUE
,ima,https://www.ima-ams.co.jp/product/products/detail/107,トップウォーター,チャッピー 100,CHAPPY 100,#3,#3,,,,#3,Floating,ドッグウォーク,100,18,0,0,ベイトライクな存在感、アピール力で魚を引き寄せるペンシルベイト。<br>簡単に出来るドッグウォークアクション !<br>シーバスを誘う魅惑のラトル音とアクション !<br>大型#3フック搭載でバラシを低減 !<br><br>imaプロスタッフ鈴木斉氏監修第2弾のCHAPPY 100。クイックでスピーディなドッグウォークアクション、2種類のラトルによってうまれた独特のサウンド、ナチュラルなスプラッシュとバブル、そんな3つの要素が表層を意識したシーバスに猛アピールします！深いレンジからも誘い出せるこのアピール力だけでなく、100mmボディとは思えない飛距離で広範囲をサーチできるのも強みです。カンタン操作で扱いやすい、頼れるペンシルベイトで楽しいトップゲームを！,TRUE
,ima,https://www.ima-ams.co.jp/product/products/detail/98,シンキングペンシル,ハニートラップ 70S,HONEY TRAP 70S,#6,#6,,,,#3,Sinking,ショートピッチスラローム,70,14,20,60,S字系ゆらぎアクションの甘い罠。<br>抜群の飛距離を誇るリップレスデザイン<br>ショートピッチスラロームアクション<br>マイクロベイトパターンに有効！<br><br>遠投性能と食わせのアクションを持ち備えたシンキングペンシルHONEY TRAP 。ステディリトリーブで揺らぎを伴ったS字アクションが得意。強い流れにも負けないヘビーウエイトの95Sは、リバーシーバスゲーム、マイクロベイト攻略を得意とする70Sは早春から夏頃の河川や港湾で活躍します！,TRUE
,ima,https://www.ima-ams.co.jp/product/products/detail/100,シンキングペンシル,ハニートラップ 70S カルトラ,HONEY TRAP 70S KARUTORA,#6,#6,,,,#3,Sinking,ショートピッチスラローム,80,12,10,50,サウンド＆アクションでシーバスに強烈アピール！<br>簡単にできるドッグウォーク。<br>魅惑のラトル音とアクション。<br>一口サイズで初夏の小型ベイトに。<br><br>クイックでスピーディなドッグウォークアクション、2種類のラトルが奏でる独特のサウンド、ナチュラルに発生するスプラッシュ&バブルといったCHAPPYの特徴はそのままに。さらに、ゆっくりとしたドッグウォークにも対応。12gとは思えない絶大な飛距離も相まって、初夏にありがちな「ボイルしているけどなかなかバイトしない」といったタフな状況や、大量のベイトの中でもルアーの存在感を際立たせ、バイトに持ち込むことができます。,TRUE
,ima,https://www.ima-ams.co.jp/product/products/detail/97,シンキングペンシル,ハニートラップ 95S,HONEY TRAP 95S,#3,#3,,,,#4,Sinking,ショートピッチスラローム,95,25,30,80,S字系ゆらぎアクションの甘い罠。<br>抜群の飛距離を誇るリップレスデザイン<br>ショートピッチスラロームアクション<br>河川などのドリフト釣法が得意。<br><br>遠投性能と食わせのアクションを持ち備えたシンキングペンシルHONEY TRAP 。ステディリトリーブで揺らぎを伴ったS字アクションが得意。強い流れにも負けないヘビーウエイトの95Sは、リバーシーバスゲーム、マイクロベイト攻略を得意とする70Sは早春から夏頃の河川や港湾で活躍します！,TRUE
,ima,https://www.ima-ams.co.jp/product/products/detail/99,シンキングペンシル,ハニートラップ 95S カルトラ,HONEY TRAP 95S KARUTORA,#3,#3,,,,#4,Sinking,ショートピッチスラローム,95,20,30,60,S字系ゆらぎアクションの甘い罠。<br>投げやすくなったライトウェイトモデル。<br>ショートピッチスラロームアクション<br>軽量化によりドリフト性能がUP！<br><br>ライトウェイトチューニングにより、干潟や河口域といったシャローエリア攻略に特化させたのがこのKARUTORA。HONEY TRAPの特徴でもあるドリフト性能は軽量化させることにより更に磨きがかかり、スローな攻めをシャローで行うことが可能になりました！水深や流速に合わせてノーマルモデルと組み合わせて使うと効果的です。,TRUE
,ima,https://www.ima-ams.co.jp/product/products/detail/318,シンキングペンシル,パドル 110,paddle 110,#8,#8,,,,#3,Sinking,スイングアクション,110,12,5,40,食欲そそるフラフラアクションで大型バチパターン攻略！<br><br>河川のバチパターン特化型シンキングペンシル。特徴的なベリーは水をしっかり受けるので、水面直下のレンジをキープ可能。また水深40cmまでをゆっくり引けるので、状況にあわせて引き波系のAldenteシリーズと使い分けることができます。幅の狭いゆったりとしたスイングアクションは、バチを偏食しているシーバスに違和感なくアピールでき、絶妙なウェイトバランスにより飛距離も十分です。,TRUE
,ima,https://www.ima-ams.co.jp/product/products/detail/55,シャッド,B-太 70,B-ta 70,#8,#8,,,,#2,Sinking,ウォブンロール,70,8,60,100,ベイエリアファンタジスタ。<br>サイズ感が良いシーバス専用シャッドプラグ。<br>固定重心が可能にしたハイスペックな立ち上がり。<br>ピンスポットや際打ちといった港湾部にGOOD！<br><br>2004年の発売以来、絶えず実績を上げ続ける超ロングセラールアーのB-太 70。シビアなベイエリアのシーバスにターゲットを絞ったこのルアーは、すばやい立ち上がりを実現する固定重心設計で、巻いてよし・動かしてよしの攻撃的シンキングシャッド。橋脚やバース周り、壁際などストラクチャー攻略で最高のパフォーマンスを発揮してくれます。,TRUE
,ima,https://www.ima-ams.co.jp/product/products/detail/96,シンキングペンシル,ピース 60S,p-ce 60S,#10,#10,,,,#2,Sinking,S字スラローム,60,10,10,50,攻略の隙間を埋める1ピース。<br>リップ付きシンキングペンシル。<br>表層をスローに引ける、S字アクション。<br>マイクロベイトパターンにベストマッチ！<br><br>シリーズ最小モデルのp-ce 60S。わずか60mmのコンパクトボディからは想像できない飛距離を見せ、春先から初夏にかけてハクを始めとするマイクロベイトを偏食するシーバスに有効！ベイトの存在は確認できるが水面まで出切らない時、水面直下より1枚下のレンジを探りたい時にオススメです。,TRUE
,ima,https://www.ima-ams.co.jp/product/products/detail/96,シンキングペンシル,ピース 80S,p-ce 80S,#6,#6,,,,#3,Sinking,S字スラローム,80,15,40,70,攻略の隙間を埋める1ピース。<br>リップ付きシンキングペンシル。<br>スローに引ける、S字アクション。<br>ボトムから中層まで幅広いレンジに対応。<br><br>リップ付きシンペンp-ce 100のダウンサイジングモデル。ノーマルモデル顔負けの飛距離を叩き出し、やや下のレンジをトレースを可能にしました。ベイトの小さい時期やラフコンディション、低活性でボトムにステイしているなど、あらゆる場面で活躍してくれます。,TRUE
,ima,https://www.ima-ams.co.jp/product/products/detail/94,シンキングペンシル,ピース 100,p-ce 100,#4,#4,,,,#3,Sinking,S字スラローム,100,17,30,60,攻略の隙間を埋める1ピース。<br>リップ付きシンキングペンシル。<br>スローに引ける、S字アクション。<br>安心の大型フック搭載。<br><br>水面直下をスラロームアクションでスローに探れることが特徴のリップ付シンキングペンシルp-ce 100。河川でのドリフトゲームはもちろん、流れの緩い干潟や河口域も得意。夏から秋にかけてのイナッコパターンでは欠かすことの出来ないピースとなるでしょう。,TRUE
,ima,https://www.ima-ams.co.jp/product/products/detail/104,トップウォーター,プガチョフコブラ,PUGACHEV'S COBRA,#6,#6,,,,#3,Floating,スライディング,90,12,0,0,吸い込み重視のペンシルベイト。<br>海水に絡み付くようなスライディングアクション !<br>適切な浮力でフッキング率アップ !<br>ピンスポットでの一点操作も可能 !<br><br>シーバスのトップウォーターゲームで頻発するミスバイト対策として、フッキング率を向上させるために浮力をギリギリまで落とし、吸い込みを重視したペンシルベイトです。アングラーのロッドアクションに機敏に反応し、真横90度近くにグイッと首を鋭く振る動きはシーバスのバイトを誘発します。,TRUE
,ima,https://www.ima-ams.co.jp/product/products/detail/60,ウェイクベイト,モルモ 80,molmo 80,#6,#6,,,,#3,Floating,ウォブンロール,80,12,0,20,薄皮一枚レンジで起こせスプラッシュ。<br>水面直下の独特の引き波がシーバスを誘惑。<br>サイズからは想像できない遠投性。<br>あらゆるシャローに対応！<br><br>imaプロスタッフの大野ゆうき氏完全監修によるサーフェイスミノー。立ち上がりがよく、水面直下をウォブンロールアクションするのが特徴です。スローリトリーブでは薄皮一枚のレンジを剥ぎ取るような独特の引き波を発生させ、港湾・河川・干潟まであらゆるシャローに対応できます。,TRUE
,ima,https://www.ima-ams.co.jp/product/products/detail/327,シンキングペンシル,ヨイチ 70 ダイエット,YOICHI 70 Diet,#10,#10,,,,#2,Sinking,スラローム,70,9,10,40,YOICHIはやせても釣果は満腹。<br><br>YOICHIのコンセプトである「遠投性能」、比較的浅いレンジを引きやすい「レンジ性能」、遅巻きでも確実に泳いでくれる「アクション性能」はそのままに、70mmになることで、遠くの水面下10〜30cmをどんな速度でもキープ可能に。マイクロベイトパターンにおいて今までにないアプローチを実現しました。,TRUE
,ima,https://www.ima-ams.co.jp/product/products/detail/86,シンキングペンシル,ヨイチ 80,YOICHI 80,#6,#6,,,,#3,Sinking,スラローム,80,18,20,60,彼方を射抜く忍びのワザ。<br>18gという重量と安定した飛行姿勢から生まれる驚異の飛距離！<br>手元に水中を感じる適度な引き抵抗。<br>港湾部でも使えるちょうど良いサイズ感。<br><br>YOICHIシリーズに初のサイズ展開アイテムが登場！飛距離、シャロー性能、使い易さというYOICHI 99の基本コンセプトは継承し、80mmという使う場所を選ばない絶妙なサイズ感を実現。まさにオールシーズン、オールラウンドで使えるシンキングペンシルの誕生です！,TRUE
,ima,https://www.ima-ams.co.jp/product/products/detail/83,シンキングペンシル,ヨイチ 99,YOICHI 99,#3,#3,,,,#4,Sinking,スラローム,99,28,10,60,彼方を射抜く忍びのワザ。<br>メタルジグにも劣らない驚異の飛距離！<br>ドリフト釣法・ストップ＆ゴーで使いやすい水平フォール。<br>シーバスはもちろん、サーフのフラットフィッシュにも対応！<br><br>抜群の遠投性能を誇るヘビーウェイトシンキングペンシルのYOICHI 99。ラフウォーターになりやすい磯のヒラスズキや、広大なサーフを探るフラットフィッシュに相性抜群。カップ形状のフェイスは引き抵抗を感じやすく、水中イメージを的確にアングラーへ伝えます。また、流れに対して浮き上がりやすい性質を持つため、シャローエリアにもおすすめです。,TRUE
,ima,https://www.ima-ams.co.jp/product/products/detail/85,シンキングペンシル,ヨイチ 99 バリスタ,YOICHI 99 BALLISTA,#3,#3,,,,#4,Sinking,スラローム,88,36,30,80,彼方を射抜く忍びのワザ。<br>メタルジグにも劣らない驚異の飛距離！<br>磯場での沖のシモリやサーフでのボトムの攻略に最適。<br>シーバスはもちろん、サーフのフラットフィッシュにも対応！<br><br>36gというウェイトで、ノーマルモデルよりもさらなる飛距離を追求しました。そのクラス最高峰で桁外れの遠投性能だけでなく、一般的なヘビーウェイトのシンキングペンシルより上のレンジを攻めることができるのも特徴。磯ゲーム、沖のストラクチャー狙い、サーフのボトム攻略の頼もしい存在です。,TRUE
,ima,https://www.ima-ams.co.jp/product/products/detail/84,シンキングペンシル,ヨイチ 99 ライト,YOICHI 99 LIGHT,#3,#3,,,,#4,Sinking,スラローム,99,23,10,50,彼方を射抜く忍びのワザ。<br>メタルジグにも劣らない驚異の飛距離！<br>ドリフト釣法・ストップ＆ゴーで使いやすい水平フォール姿勢。<br>ゆるい流れをスローに引けるウエイト設定。<br><br>ノーマルモデルのYOICHI 99を大幅にウエイトダウンして、よりシーバスの使用に特化させたのがYOICHI 99 LIGHT。遠投性能を保ちつつも、シャローが広がる河口や干潟でスローな攻めや、浅根に潜むヒラズスキ攻略にも活躍してくれます。河川のドリフトアクションとの相性も抜群です。,TRUE
,ima,https://www.ima-ams.co.jp/product/products/detail/377,バイブレーション,ライキリ 43,RAIKIRI 43,#14,#14,,,,#1,Sinking,ダート&バイブレーション,43,4,20,50,魚のスイッチを入れる奥の手ダートバイブ。<br>RAIKIRIシリーズ最小。比重が高いためキャストしやすく、瀬から渕まで幅広いレンジに対応し、広範囲をテンポよく探れます。RAIKIRI持ち前の簡単キレキレカミナリダートは健在で、ただ巻きはもちろん、ダートをミックスすることで魚の捕食本能にスイッチを入れてリアクションバイトを狙えます。ミノーで探っても釣れなかった時の奥の手ダートバイブです。,TRUE
,ima,https://www.ima-ams.co.jp/product/products/detail/505,バイブレーション,ライキリ 43 FULLBITE,RAIKIRI 43 FULLBITE,#10,#10,,,,#1,Sinking,ダート&バイブレーション,43,2.5,10,40,スローフォールでじっくり魅せる、奥の手ダートバイブ。<br>ライキリ 43のライトウェイトモデル。オリジナルモデルから1.5gの減量で沈下速度が遅くなり、いままで引ききれなかった浅瀬にも適応します。また、アクションの合間に一瞬の「バイトタイム」を簡単に演出できるようになりました。シリーズ初採用のシングルフックは、ダートアクションをさらにシャープにし、バラシ軽減にもつながっています。,TRUE
,ima,https://www.ima-ams.co.jp/product/products/detail/215,バイブレーション,ライリキ 60,RAIKIRI 60,#10,#10,,,,#2,Sinking,ダート&バイブレーション,60,11,30,,「ひと口」カミナリダートで魚を魅了。<br>誰でも簡単！キレキレカミナリダート！！<br>港湾部向けの小ぶりなシルエット。<br>安定した飛行姿勢で抜群の飛距離！<br><br>ダート系バイブレーションRAIKIRIのひと口サイズ「RAIKIRI 60」。安定した飛行姿勢、乱れないスイムバランス、少しの入力で美しくダートするレスポンスのよさ。シリーズの強みはそのままに、よりセレクティブな状況を攻略できるようサイズダウン。70mm同様、使えるシチュエーション、アクションも豊富です。,TRUE
,ima,https://www.ima-ams.co.jp/product/products/detail/113,バイブレーション,ライリキ 70,RAIKIRI 70,#6,#6,,,,#3,Sinking,ダート&バイブレーション,70,15,50,,バイブレーション界にカミナリが落ちる。<br>誰でも簡単！キレキレカミナリダート！<br>多彩なアクション。<br>安定した飛行姿勢で抜群の飛距離！<br><br>ima初のダートに特化したルアー、RAIKIRI 70は「誰でも簡単な操作でダートさせることができるバイブレーション」をコンセプトに開発。バイブレーションにありがちな不安定な飛行姿勢や針絡みなどのトラブルを取り除き、抜群の飛距離性能も持ちあわせています。あらゆる状況下で使えるエース級ルアーの登場です！,TRUE
,ima,,バイブレーション,ライリキ 70 ブレード,RAIKIRI 70 BLADE,#6,#6,,,,#3,Sinking,バイブレーション/テイルスピン,70,17,30,,大人気のRAIKIRI 70にBLADEチューンモデルが限定登場。<br>多彩なアクションと扱いやすさ、そしてその高い実釣力からバイブレーション界に変革をもたらした「RAIKIRI 70」。<br>そんなRAIKIRI 70にオリジナルブレードを搭載した限定アイテムの登場です。使いやすさはそのままにブレードを加えたことで、アピール力により特化させたモデルに仕上がりました。,TRUE
,ima,https://www.ima-ams.co.jp/product/products/detail/64,ウェイクベイト,リッパー 90,Lipper 90,#4,#4,,,,#3,Floating,ウェイクアクション,90,12,1,20,水面直下のダンスで弱ったベイトを演出！<br>潜りすぎず、水面直下をゆっくりと引き波をたててアピール！<br>ストレスフリーな絶妙の巻き心地で情報伝達能力も高い。<br>デッドスローリトリーブで薄皮一枚のレンジをトレースし弱ったベイトを演出。<br><br>imaプロスタッフ鈴木斉氏プロデュースのima初ウェイクミノー。ベイトが大量すぎてルアーには見向きもしない…そんな状況には、Lipper 90の出番。デッドスローリトリーブで容易に薄皮一枚のレンジをトレースして引き波を立て、弱ったベイトを演出しシーバスを魅了します。,TRUE
,ima,https://www.ima-ams.co.jp/product/products/detail/311,ウェイクベイト,リッパー 120,Lipper 120,#3,#3,,,,#3,Floating,ウェイクアクション,120,22,1,30,大型に対応したストレスフリーなウェイクミノー。<br><br>imaプロスタッフ鈴木斉氏プロデュース「Lipper 90」のサイズアップモデル。Lipperシリーズの特徴はそのままに、120mmになることで秋に大きくなったイナッコのサイズ感にベストマッチ。弱って引き波を立てながらゆらゆら泳いでいるイナッコや、イワシの群れをイミテートすることで上を向いたシーバスに絶大な効果を発揮します。,TRUE
,ima,https://www.ima-ams.co.jp/product/products/detail/82,ジグミノー,ロケットベイト 75,Rocket Bait 75,#12,#12,,,,#2,Sinking,微弱タイトローリング,75,13,5,40,宇宙の果てまでジグミノー。<br>遠投性能はオリジナルモデルをそのままに継承！<br>小型ベイトの波動を模した微弱ロールアクション。<br>広大なオープンエリアが得意。<br><br>Rocket Baitの最小モデル。圧巻の飛距離は継承しつつ、早春のマイクロベイトパターンなどルアーサイズやウェイトをあげられない状況に欠かせません。小型のベイトが発する弱々しい波動を追求した微弱タイトローリングアクションは、遊泳力のないベイトを捕食している時におすすめです。,TRUE
,ima,https://www.ima-ams.co.jp/product/products/detail/80,ジグミノー,ロケットベイト 95,Rocket Bait 95,#6,#4,,,,#3,Sinking,タイトローリング,95,22,5,100,宇宙の果てまでジグミノー。<br>抜群の飛距離で遠くのシャローまで届く!<br>シャローをスローにトレースできる。<br>シーバスはもちろん、フラットフィッシュ・青物にも対応！<br><br>シャローをスローに引くことの出来る超遠投型ジグミノーとして開発されたのがRocket Bait 95。特徴的なリップによりすばやい浮き上がりとタイトローリングアクションを持ちあわせ、シーバスをはじめ、フラットフィッシュや青物にも効果的。名前負けしない絶対的な飛距離で、遠投性を求められる状況のなか結果を出してくれます。,TRUE
,ima,https://www.ima-ams.co.jp/product/products/detail/81,ジグミノー,ロケットベイト 95 ヘヴィー,Rocket Bait 95 Heavy,#6,#4,,,,#3,Sinking,タイトローリング,95,30,20,200,宇宙の果てまでジグミノー。<br>ノーマルモデルよりウェイトアップで遠投性能が向上。<br>ラフコンディションの操作性、レンジキープ力がUP！<br>ディープやボトムエリアの攻略が可能に。<br><br>アングラーの尽きることない飛距離への要求を形にしたモデル。ノーマルモデルより8gウェイトアップすることにより、大幅に飛距離、荒天時の操作性とレンジキープ能力を向上。サーフや磯などの飛距離を求められるフィールドで活躍。M〜MHクラスのロングロッドと相性がよく、最適なタックルセッティングを組むことで驚愕の飛距離を出すことができます。,TRUE
,ima,https://www.ima-ams.co.jp/product/products/detail/429,シンキングペンシル,カーム 80,CALM 80,#10,#10,,,,#2,Sinking,スローウォブンロール,80,7,0,20,広範囲を探れる銘品ルアー、「CALM」シリーズが数量限定で復刻。小型ベイトをイミテートする80mmサイズは、港湾や運河、小規模河川にマッチ。ウェイトは7gとシェイプの割りには重く、遠投性能も間違いなし。流れの強い場所やバチが表層まで浮き上がらない状況で特に威力を発揮してくれます。,TRUE
,ima,https://www.ima-ams.co.jp/product/products/detail/428,シンキングペンシル,カーム 110,CALM 110,#10,#10,,,,#2,Sinking,ウォブンロール,110,11,0,30,飛距離抜群のスリムシンキングペンシルベイト。<br><br>広範囲を探れる銘品ルアー、「CALM」シリーズが数量限定で復刻。河川バチパターンに最適な110mmサイズは、超デッドリトリーブにも対応する優れたボディバランスで、シーズン初期の大型バチパターンや攻略が難しいとされているサヨリパターンにも効果的です。,TRUE